ocean_proximity,total_casas,media_valor_casas
ISLAND,5,380440.0
NEAR OCEAN,2658,249433.97742663656
NEAR BAY,2290,259212.31179039303
<1H OCEAN,9136,240084.28546409807
INLAND,6551,124805.39200122119
